id,name,email,phone,city,total_spend,order_count,last_purchase_at,created_at
3214bf62-64ef-47bb-b6e4-2841c2b962f9,Arjun Krishnamurthy,arjun_krishnamurthy@outlook.com,6656272980,Chennai,13505,1,2026-04-22T18:45:46Z,2025-12-14T15:58:13Z
7e70d140-9314-496c-a138-a6692d89101e,Priya Venkataraman,priya60@gmail.com,6162720465,Chennai,14763,3,2025-10-07T19:34:54Z,2024-09-11T01:18:33Z
508b8bc9-ca8b-47f5-98d1-512c1961ddd7,Karthik Subramanian,karthik_subramanian@outlook.com,8564641708,Chennai,21213,2,2026-04-09T03:39:41Z,2025-06-07T06:28:27Z
99bd1b9a-5f75-4ca1-b462-5d3e842cca53,Divya Raghunathan,divya.raghunathan@yahoo.in,7100330923,Chennai,773,1,2025-05-22T10:52:39Z,2024-09-06T11:56:24Z
91189592-8c4a-4e65-b3ec-ea4b12d35357,Suresh Natarajan,suresh_natarajan@outlook.com,6937452991,Chennai,15820,2,2026-04-05T19:36:21Z,2025-11-10T19:55:07Z
17181874-8f79-44f4-9488-1e8863b2adcb,Meena Sundaram,NULL,NULL,Chennai,9240,3,2026-04-05T23:30:17Z,2025-01-06T23:11:11Z
a53242b1-a95f-4680-90ea-3e46fd4f0a77,Vijay Annamalai,vijay.annamalai@yahoo.in,6904966319,Chennai,38903,4,2026-05-24T12:49:51Z,2025-05-16T01:29:34Z
dad5701d-e2f5-4309-aeb4-421d8f286aad,Lakshmi Gopalan,lakshmig@gmail.com,6491905865,Chennai,6968,2,2026-05-15T14:35:44Z,2025-08-03T04:58:02Z
097d765e-9237-488e-9e23-6fa549d2bfdf,Rajesh Murugan,rajesh18@gmail.com,8067165726,Chennai,3869,2,2026-04-13T12:30:24Z,2026-01-12T11:22:33Z
6ed52ba3-63c1-416c-af95-f7971e1f9b35,Kavitha Rajan,kavitha32@gmail.com,8987769453,Chennai,8974,1,2026-05-09T09:21:55Z,2025-05-05T03:00:53Z
f49d4908-2612-4056-9543-5c77a5ea7325,Senthil Ponnusamy,senthil.ponnusamy@yahoo.in,9379965075,Chennai,19713,2,2026-04-07T15:23:44Z,2025-03-26T16:32:42Z
5fef6ee9-bc11-46e5-a4e1-85b5eef4214c,Nithya Balakrishnan,nithya_balakrishnan@outlook.com,7545494808,Chennai,25453,3,2024-12-21T07:01:24Z,2023-08-16T10:25:49Z
df00be97-39cd-45eb-ab7a-bd4505e5f4e7,Arun Chandrasekaran,arun.chandrasekaran@gmail.com,7678377701,Chennai,19267,3,2026-04-09T02:10:25Z,2024-11-22T19:39:36Z
536af132-c14a-4ca3-8b2e-b3f8741a092a,Saranya Selvaraj,saranyas@gmail.com,9349578856,Chennai,13237,2,2026-04-23T14:44:11Z,2024-12-13T23:10:10Z
9fb6aade-e0d6-4d0d-84ed-5bcf148d33e8,Ganesh Iyer,ganesh.iyer@yahoo.in,8744431351,Chennai,24833,2,2026-04-11T11:43:21Z,2024-11-03T21:18:08Z
692872a7-4e37-40d4-ad5b-2752f2e2b350,Deepa Srinivasan,deepas@gmail.com,7374989413,Chennai,18977,2,2026-04-10T22:23:13Z,2025-06-23T14:01:13Z
9af4dbc4-5ecd-4036-a169-df148f55ca54,Manoj Pillai,manojp@gmail.com,8240824008,Chennai,47328,4,2026-04-15T22:33:17Z,2025-11-18T07:07:10Z
e8f34dfe-1b79-4452-89db-a5abd42bf75f,Shanthi Ramachandran,shanthir@gmail.com,9109477752,Chennai,19107,3,2026-04-03T09:19:25Z,2025-05-06T16:30:57Z
122fa6ca-dd60-49cd-88f2-a8ba526ac641,Bharath Kumarasamy,bharath.kumarasamy@yahoo.in,9116719022,Chennai,40721,4,2026-06-05T01:32:55Z,2025-05-19T11:12:43Z
a5afd662-3a41-43a9-9d1e-c7c2e6cf9409,Anitha Venkatesan,anitha.venkatesan@yahoo.in,6318699938,Chennai,20341,3,2026-06-07T16:15:11Z,2025-03-19T10:43:28Z
8c7443fd-6343-4ca0-bc0f-bad617c5094b,Praveen Subramaniam,praveen_subramaniam@outlook.com,9496499091,Chennai,2832,1,2026-04-09T06:41:30Z,2025-12-25T19:42:23Z
028bcf9a-604d-4b04-bbb3-d25015507e1e,Kamala Narayanan,kamalan@gmail.com,8123281206,Chennai,18584,2,2026-06-09T11:20:06Z,2025-12-10T14:33:41Z
c0165795-62b7-4861-a9e1-e60e6a71f54d,Dinesh Thiagarajan,dinesh67@gmail.com,9403447134,Chennai,20895,2,2026-04-24T07:06:44Z,2025-10-25T15:58:00Z
4ae128b3-87f7-4a4b-97a9-2cf3642dad3c,Rekha Arumugam,rekha90@gmail.com,7618324210,Chennai,22910,4,2026-04-10T07:12:01Z,2025-08-21T11:20:52Z
a77c6b6d-fb3d-4391-9f65-1056693970e9,Prakash Seshadri,prakash.seshadri@yahoo.in,8717464887,Chennai,5424,2,2025-03-02T10:44:56Z,2023-11-13T17:06:33Z
ef106986-0926-4025-bad5-d38e372338ba,Nandini Balasubramaniam,nandini.balasubramaniam@gmail.com,6659401399,Chennai,13455,2,2026-01-01T07:43:49Z,2025-06-02T03:06:24Z
77c52241-f39c-4172-ab47-99bcb3395367,Mohan Soundararajan,mohan.soundararajan@yahoo.in,6278742967,Chennai,32751,3,2026-04-29T16:47:11Z,2025-09-22T16:51:51Z
87529cb0-26f2-4357-8c24-4594e4df4f46,Usha Narasimhan,usha_narasimhan@outlook.com,8655125674,Chennai,4566,1,2026-03-03T07:52:31Z,2025-08-30T01:50:45Z
6d79d610-b08f-4415-87d9-7aa70b22a470,Harish Parthasarathy,harish_parthasarathy@outlook.com,6715451680,Chennai,1302,1,2026-05-15T03:06:50Z,2025-01-28T13:45:21Z
906777c0-3ce9-4eb3-a3b8-e870fc8f82ab,Geetha Krishnan,geetha94@gmail.com,9603859770,Chennai,17516,2,2025-01-11T00:57:03Z,2024-05-20T18:21:19Z
016d5d7e-7af2-4e39-adcc-375b082e77c2,Vignesh Ramasamy,vignesh.ramasamy@yahoo.in,7477109324,Chennai,40230,4,2026-05-28T23:18:58Z,2025-02-19T20:14:18Z
79e09327-3701-468d-8259-34133c8b2778,Padma Viswanathan,padma.viswanathan@gmail.com,9131712748,Chennai,30475,3,2026-01-30T18:49:21Z,2024-12-27T14:19:13Z
e0881625-763d-4587-a24c-4c37ac94de3f,Selvam Periyasamy,selvam_periyasamy@outlook.com,9737826398,Chennai,8052,1,2026-05-21T17:36:33Z,2026-01-10T06:42:00Z
e6e997fb-7919-40e3-9b15-f475e739823d,Indira Ravichandran,indira.ravichandran@gmail.com,8658404499,Chennai,29537,4,2026-06-03T06:40:21Z,2025-03-21T03:51:35Z
119cdfa0-59f0-4565-ad81-0cd85b5577ce,Balaji Thyagarajan,balaji_thyagarajan@outlook.com,7787558867,Chennai,47405,4,2026-03-05T10:06:39Z,2025-01-23T22:34:32Z
d67cfdb3-5de2-40cc-be9e-6342779fe4d1,Saroja Muthukrishnan,sarojam@gmail.com,7963605766,Chennai,14576,2,2026-04-26T00:31:43Z,2025-10-19T08:32:27Z
bdee8b48-1d84-4ba1-99a6-f4065b02ebd6,Saravanan Durai,saravanand@gmail.com,9028951718,Chennai,14762,2,2026-04-24T15:02:44Z,2024-12-21T04:19:18Z
18d8bd60-9d31-4b66-9172-1eb91aa3ac3c,Hema Lakshmanan,hema.lakshmanan@gmail.com,7621745961,Chennai,20273,3,2025-06-08T14:16:40Z,2025-02-08T01:05:06Z
a3572d40-aa3f-4d09-b53b-55599df06769,Nirmal Rajendran,nirmal52@gmail.com,9578091343,Chennai,26740,3,2026-05-17T06:04:18Z,2024-12-24T13:06:23Z
5a0a0650-9a18-4957-8061-4c03ac69154b,Brindha Chidambaram,brindha_chidambaram@outlook.com,6172400504,Chennai,25795,3,2025-08-28T18:25:51Z,2025-04-22T15:43:13Z
18a3a40e-ef5e-40ee-b2e5-81c008093f4c,Senthilkumar Palaniswamy,senthilkumar.palaniswamy@yahoo.in,9238692221,Chennai,17946,2,2025-11-08T04:20:30Z,2024-05-20T15:26:52Z
fcb0ed8e-603d-4c0e-9904-effc5ab8c6ea,Vasantha Suresh,vasantha_suresh@outlook.com,7792374740,Chennai,1978,1,2026-04-17T00:39:32Z,2025-04-17T15:05:31Z
9ce94b15-6db7-4ae9-bdbc-a696667753dc,Chandramouli Sampath,chandramouli.sampath@yahoo.in,7175946474,Chennai,21735,3,2026-05-20T13:45:59Z,2025-09-30T05:52:24Z
071cb496-3b36-4f45-a4c3-a4986d5af7fa,Mythili Vasudevan,mythili_vasudevan@outlook.com,9136959440,Chennai,16007,2,2026-03-17T19:15:06Z,2025-09-24T16:25:22Z
53c78c84-1bd1-44e2-830c-4338df28dc9f,Jayagopal Natarajan,jayagopal_natarajan@outlook.com,8090974395,Chennai,40585,4,2026-01-24T00:08:04Z,2025-06-01T12:04:02Z
0c883e9c-df5e-49e3-86f6-3c38015d9c2b,Sumathi Govindarajan,sumathig@gmail.com,8210470952,Chennai,23915,3,2026-04-15T08:18:54Z,2025-02-19T05:22:24Z
b85a18ab-dd81-4ee6-a57e-16d4011e503e,Ravi Anandakrishnan,ravi.anandakrishnan@yahoo.in,8623285884,Chennai,2586,1,2026-02-25T02:08:33Z,2024-08-27T18:19:17Z
abd01d49-19fb-4340-901e-5a21d7100c93,Savitha Baskaran,savitha.baskaran@yahoo.in,9451712368,Chennai,22926,2,2026-02-27T07:29:50Z,2025-03-22T07:14:25Z
dac168d6-50b6-42c8-a1c7-a55734f7e646,Kumaran Thiruvenkatam,kumaran.thiruvenkatam@gmail.com,9048175496,Chennai,13751,1,2026-05-04T14:07:23Z,2025-06-12T03:33:14Z
4ecf9059-f71b-4552-b4c5-a889b75b3c6a,Alamelu Raghavan,alamelu.raghavan@yahoo.in,6370985931,Chennai,6173,2,2026-03-05T15:21:27Z,2025-11-09T07:37:47Z
27a5feeb-42a1-4e46-9c1e-8cb65823538b,Mahadevan Sivasubramanian,mahadevan_sivasubramanian@outlook.com,8612004711,Chennai,13348,3,2026-03-18T00:03:11Z,2025-01-14T05:40:30Z
7a9ebcc5-7dd0-4270-b4bc-399555a33dd0,Gowri Murugesan,gowri40@gmail.com,7675869261,Chennai,25592,3,2026-04-21T17:14:49Z,2025-06-08T04:16:54Z
4a06d30e-d782-48b8-8179-5b851d5f65a9,Thirumaran Kannan,NULL,NULL,Chennai,28078,2,2026-01-24T18:33:34Z,2024-09-09T04:46:01Z
5b73b15c-90c1-481b-aeb2-d5b406157620,Hemalatha Pandian,hemalatha72@gmail.com,9405377351,Chennai,37255,5,2026-03-28T18:48:46Z,2024-11-13T03:08:39Z
e7c845a6-c141-4f13-be2d-4f4f881f3599,Sivakami Arulselvi,sivakami.arulselvi@yahoo.in,8064317139,Chennai,30630,4,2026-04-27T17:22:33Z,2024-12-10T03:00:49Z
43866bc6-a82a-40c9-a1e1-3b0bb64057bc,Dhinakaran Muthuvel,dhinakaran.muthuvel@gmail.com,8329318393,Chennai,7804,2,2026-05-14T22:25:12Z,2026-02-09T16:16:46Z
f07989cf-4714-4900-9dd7-3c182edb0d02,Bhuvaneswari Sundar,bhuvaneswari.sundar@yahoo.in,7904228421,Chennai,13998,1,2026-03-16T01:59:43Z,2025-10-09T15:48:20Z
9da13296-6435-4421-9aa4-f8473730b51a,Karunanithi Somasundaram,karunanithi.somasundaram@gmail.com,7053950240,Chennai,16237,2,2025-12-10T13:18:32Z,2025-07-28T02:13:03Z
5a873139-a700-41d3-9108-15b902194e8e,Nalini Annaswamy,nalini_annaswamy@outlook.com,NULL,Chennai,16171,2,2026-05-20T03:25:20Z,2025-01-01T07:44:03Z
a48cc549-b459-4b09-8fc3-da514f5394d8,Alagappan Rengasamy,alagappan.rengasamy@gmail.com,6775891783,Chennai,29219,4,2026-05-07T03:39:47Z,2025-01-06T09:02:56Z
aff4afd9-0bdc-45e0-af6d-cf4207c42003,Rohit Sharma,rohit.sharma@gmail.com,8700766177,Mumbai,44621,4,2026-01-18T14:00:25Z,2024-09-10T19:20:13Z
699baaa3-5049-408c-aa86-e141c9bdba58,Sneha Kulkarni,sneha.kulkarni@gmail.com,8921249985,Mumbai,1793,1,2026-06-10T09:15:58Z,2025-01-31T04:08:54Z
cbeb1ecc-b7c3-457c-bc0f-2cc0e2b7c031,Aditya Mehta,aditya58@gmail.com,8789611836,Mumbai,1068,1,2026-01-28T04:07:46Z,2025-06-07T19:03:04Z
1441b86f-77d2-4fce-a4fd-9899d019c068,Pooja Desai,poojad@gmail.com,9576615654,Mumbai,15375,2,2025-02-03T01:25:27Z,2024-10-20T12:56:36Z
c82f91eb-edb7-4648-93f0-c02e139a7edb,Vikram Joshi,vikramj@gmail.com,9111161528,Mumbai,3766,2,2026-01-30T07:26:48Z,2025-10-23T23:16:48Z
760a500a-41db-49a1-ad01-dfb4fe86ff59,Ananya Patil,ananya17@gmail.com,8165604945,Mumbai,17088,2,2026-05-11T08:39:54Z,2024-12-10T05:30:11Z
ec395c44-902e-4e69-a5d1-9c2f174c2503,Rahul Nair,rahul23@gmail.com,7273158514,Mumbai,22045,3,2025-12-29T10:04:13Z,2025-05-21T00:59:20Z
07935288-af31-4fe8-a141-13e48d9d9b22,Priyanka Shah,priyankas@gmail.com,9899809402,Mumbai,11975,1,2026-06-09T20:01:39Z,2026-02-20T20:37:15Z
242e9667-6f68-4811-b555-95eb0cfc8de0,Amit Kapoor,amit.kapoor@yahoo.in,8502296120,Mumbai,7374,1,2026-06-06T21:05:09Z,2025-08-08T14:38:49Z
2785a463-6941-426c-9cd1-96b04f797ba4,Ritu Sinha,ritu21@gmail.com,7667525459,Mumbai,4371,2,2025-03-29T18:30:44Z,2024-03-05T10:10:46Z
d91b7348-8318-4bc0-a275-b8da544bcf97,Siddharth Malhotra,siddharth.malhotra@gmail.com,6229014767,Mumbai,5187,1,2026-02-12T12:12:10Z,2025-02-14T21:37:53Z
ff7034b0-ac35-4586-9092-3415083af32e,Deepika Iyer,deepika_iyer@outlook.com,NULL,Mumbai,18727,2,2025-03-31T15:42:24Z,2024-08-03T01:41:22Z
25c20a5e-6cb9-4e98-9a9b-13b5cc5ee6f5,Varun Bhatt,varun.bhatt@yahoo.in,7815614978,Mumbai,8216,2,2026-04-18T20:29:03Z,2025-06-07T20:50:06Z
10edb674-1683-42dd-99f7-3a9928999da8,Neha Pandey,neha.pandey@yahoo.in,6369003432,Mumbai,46741,4,2026-05-04T16:42:18Z,2025-07-06T06:40:30Z
57c2906d-f98f-4b42-b1b0-3c6209c50860,Aryan Khanna,aryan.khanna@yahoo.in,8107622683,Mumbai,27211,2,2025-12-27T14:04:31Z,2024-07-04T19:43:40Z
70383947-53d1-43eb-b667-16a8d5241884,Kavya Gupta,kavya74@gmail.com,8160607159,Mumbai,30342,3,2026-05-04T17:56:28Z,2026-01-14T00:54:11Z
d0ba9fe5-d679-43cc-971c-b986671937ec,Nikhil Rao,nikhil64@gmail.com,9641605297,Mumbai,46985,4,2026-01-01T21:56:47Z,2024-08-28T19:37:30Z
2ca2e54d-51a8-4056-977d-b8367fcab625,Ishaan Verma,ishaan.verma@yahoo.in,6613696816,Mumbai,1328,1,2026-05-08T14:23:22Z,2025-04-21T03:52:25Z
d43baacb-4fdf-4cf6-b67b-53066ebae705,Shreya Mishra,shreya.mishra@yahoo.in,NULL,Mumbai,13439,2,2026-05-07T01:23:54Z,2025-05-30T01:05:32Z
452f1458-b24b-4e43-b7ff-14d8dfd8ac72,Ayaan Khan,ayaan.khan@yahoo.in,7181883552,Mumbai,26753,5,2025-02-07T22:35:04Z,2024-05-07T00:34:50Z
ccf6673a-7a54-4fa9-9c3b-6723459f2430,Zara Sheikh,zara.sheikh@gmail.com,7432921277,Mumbai,28778,3,2026-04-15T20:08:51Z,2025-04-22T13:56:20Z
286c7e0b-3db2-42a8-a33c-1ca8f85593a0,Farhan Qureshi,farhan82@gmail.com,9995527177,Mumbai,86463,8,2026-02-23T06:07:15Z,2025-04-02T14:40:15Z
318eb75d-2eb5-4491-a5cc-93442e16a816,Nadia Ansari,nadia.ansari@yahoo.in,8905814770,Mumbai,20441,2,2026-01-13T03:09:12Z,2025-06-19T11:30:20Z
1a83faca-a664-4c7e-b686-7a759fdfa127,Imran Siddiqui,imran.siddiqui@yahoo.in,8119986798,Mumbai,11931,2,2026-03-28T23:34:45Z,2025-05-19T22:54:26Z
23692244-4223-4253-9ae4-9e3e5b3140f2,Salma Hussain,salma_hussain@outlook.com,7597820715,Mumbai,18741,3,2026-03-26T05:02:32Z,2024-09-30T06:52:31Z
82558708-182b-402f-b128-bdd01a4688e6,Rajan Sawant,rajan20@gmail.com,7037788925,Mumbai,25146,3,2026-06-08T10:09:30Z,2025-07-27T22:58:57Z
0c9fd659-8269-47b3-a7b3-15230ca10454,Madhuri Wagh,madhuri.wagh@yahoo.in,9659051518,Mumbai,34961,5,2026-05-17T12:41:13Z,2025-02-27T20:03:17Z
f465e917-6714-4950-8a8f-00eee8156376,Sunil Kamble,sunil_kamble@outlook.com,8492519254,Mumbai,30577,4,2026-02-02T20:30:01Z,2024-11-01T12:14:47Z
24e67f39-db86-4814-b213-85a9a6cb2e84,Varsha Shinde,varsha_shinde@outlook.com,7914865281,Mumbai,14713,1,2026-01-03T06:49:25Z,2025-09-06T23:39:35Z
1dca4ae9-1b19-4206-9e39-0e37939e2ae4,Pramod Pawar,pramod_pawar@outlook.com,8054235733,Mumbai,32791,6,2025-02-16T20:52:46Z,2024-03-17T09:49:05Z
2df71853-2453-4907-a972-367c5f10566a,Ashwini Deshpande,ashwinid@gmail.com,6418880592,Mumbai,21885,2,2026-04-26T04:16:11Z,2025-04-06T18:41:27Z
3d8d46f2-3836-4842-ae6e-bd9fed2fb02d,Girish Naik,girish_naik@outlook.com,7229270653,Mumbai,33560,4,2026-04-29T03:29:04Z,2025-04-04T06:48:48Z
1505fbf4-d891-48e7-ba27-b7428ecc5519,Mangala Shetty,mangala66@gmail.com,NULL,Mumbai,17712,3,2026-02-02T18:15:14Z,2025-08-31T07:45:41Z
0196e421-a3dd-4b26-8e61-267183df640b,Yogesh Kadam,yogesh_kadam@outlook.com,7834735977,Mumbai,25392,3,2026-03-18T08:43:24Z,2025-03-30T09:57:45Z
d1d4daa2-02e8-43f3-b1d2-c433c2b75f64,Sujata Jadhav,sujata_jadhav@outlook.com,9239240758,Mumbai,9230,3,2025-12-23T08:44:24Z,2024-09-03T01:18:29Z
3ec3b1dd-1b22-4895-a483-fc80fc37b3f6,Tushar Bandgar,tushar23@gmail.com,6412478261,Mumbai,12527,1,2026-05-03T01:30:05Z,2025-06-03T23:11:40Z
fd3bdf7c-580e-47f4-86b0-1a35e6378b42,Smita Gaikwad,smita_gaikwad@outlook.com,8060685361,Mumbai,30508,5,2026-05-14T15:21:53Z,2024-11-15T09:27:40Z
a0eebf45-e381-4be5-ba53-9a3c0d5b5a16,Santosh Mane,santoshm@gmail.com,6515220472,Mumbai,15756,2,2025-04-27T00:58:20Z,2024-02-05T15:37:38Z
853aa5fa-e558-4e13-8ce2-82a60bac7315,Pratibha Bhosale,pratibha_bhosale@outlook.com,6104328986,Mumbai,22402,2,2026-02-02T08:48:00Z,2024-12-06T20:54:22Z
f585b65b-8600-4c83-82c2-3731da73065e,Dnyaneshwar More,NULL,6434103697,Mumbai,18003,3,2026-05-03T22:46:32Z,2026-01-04T10:50:38Z
c23741e5-8dc9-4e39-9c43-1c73a3a6a4d1,Pallavi Rane,pallavi.rane@gmail.com,9980893246,Mumbai,4272,2,2025-09-18T13:17:50Z,2025-02-14T17:57:33Z
878f6a8f-b4ac-44e0-a35c-c13b05bc6755,Kedar Kulkarni,kedar10@gmail.com,8396218518,Mumbai,1252,2,2026-06-08T17:30:13Z,2024-12-15T05:45:35Z
c37ecdbc-659e-48ce-905a-dab511aed0f6,Sunita Patel,sunita79@gmail.com,NULL,Mumbai,17907,3,2026-05-17T22:20:33Z,2025-01-13T08:59:22Z
9b8e909b-39bb-49a9-9633-ff2a42e8a83c,Jayesh Thakur,jayesh74@gmail.com,6670654051,Mumbai,25294,3,2025-11-26T11:08:53Z,2024-09-20T05:43:16Z
8e5407a7-5c21-4930-a35b-ae796154f514,Hetal Modi,hetalm@gmail.com,6952058527,Mumbai,15117,2,2026-05-08T23:39:31Z,2024-12-04T23:16:18Z
95158dfa-b687-4f79-9c44-11c0a67c2af3,Chirag Shah,chirag_shah@outlook.com,7217043030,Mumbai,27055,4,2026-04-30T10:10:04Z,2026-01-24T20:55:59Z
d39fd747-19c2-40d6-a2e2-36f0bfe2c1b8,Bhavna Mehta,bhavna.mehta@yahoo.in,9874034505,Mumbai,8335,1,2026-01-11T06:10:01Z,2025-06-11T01:58:19Z
287cf49e-c743-42fb-bd98-2bc04a571044,Ruchit Doshi,NULL,8156676527,Mumbai,64338,6,2026-01-07T05:56:21Z,2024-08-09T17:41:08Z
304fbf7c-de84-4804-ab82-dc1994eeaabf,Kinjal Vyas,kinjal_vyas@outlook.com,8841616928,Mumbai,34856,3,2025-04-17T05:10:33Z,2024-07-26T10:46:21Z
b75ff214-09ce-40e0-9092-2d8097e22c5d,Parth Rawal,parth.rawal@yahoo.in,6154479627,Mumbai,11474,1,2025-12-21T05:55:24Z,2025-03-26T03:58:15Z
269f6ecd-dfdf-4630-9c9d-7af88391b6b6,Payal Trivedi,payal_trivedi@outlook.com,6596401658,Mumbai,33962,3,2025-03-10T02:03:18Z,2024-03-20T21:37:35Z
9c1fd516-1586-4021-8085-b8471a387d08,Harsh Pandya,harshp@gmail.com,NULL,Mumbai,9647,1,2026-01-02T11:03:10Z,2025-04-04T04:06:01Z
fff41ea7-3f1b-42fe-be5b-2e044d9a4c61,Meera Chokshi,meerac@gmail.com,9021355690,Mumbai,33512,4,2026-06-08T16:18:41Z,2025-10-19T07:44:05Z
1d0effa1-a0e1-40c9-bbd4-139f30169d86,Sachin Solanki,sachins@gmail.com,9557192856,Mumbai,1791,1,2026-04-20T00:04:03Z,2025-04-20T21:10:16Z
d53020f1-edc1-407f-8fa4-a5d3ad3f5724,Nilam Oza,nilam.oza@yahoo.in,7102786814,Mumbai,11092,2,2026-01-14T01:18:47Z,2024-11-29T13:48:30Z
73804037-320b-4d62-8dba-d04587b98cfb,Dhruv Agarwal,dhruv_agarwal@outlook.com,7947312172,Mumbai,27077,3,2026-03-03T13:25:52Z,2024-09-20T19:28:56Z
ab938f54-1350-4f16-94fe-4e38bb55ae0a,Tanvi Rastogi,tanvi.rastogi@gmail.com,8518844225,Mumbai,11224,1,2026-01-17T07:52:52Z,2025-04-02T08:16:01Z
7942c448-615e-495f-bbbf-3daab61aab06,Abhishek Srivastava,abhisheks@gmail.com,6323705895,Mumbai,29234,3,2026-03-03T10:43:20Z,2025-03-13T04:53:41Z
3911e390-0429-4a60-863b-9d00e71419f2,Aarti Mishra,aarti69@gmail.com,7911467866,Mumbai,23808,3,2026-02-03T07:24:17Z,2024-12-05T23:04:03Z
dca74e36-78d0-4e3b-9b04-d7819311a449,Kunal Bajaj,kunal.bajaj@gmail.com,7517785289,Mumbai,24909,2,2026-05-17T17:56:25Z,2025-09-08T21:02:05Z
b9b22a84-b258-44c6-9d53-bd52e4879b43,Rajiv Arora,rajiva@gmail.com,9801824225,Delhi,29167,3,2026-04-14T09:07:02Z,2025-10-13T23:24:54Z
4e6c2e11-e7c8-4eec-ad9f-baa3ab9003ee,Sunita Bhatia,sunita.bhatia@yahoo.in,8143842498,Delhi,12665,2,2026-04-23T07:09:14Z,2025-03-26T07:27:39Z
89dcfdbe-4309-4a65-a9e5-6c05a965f90a,Manish Gupta,manish21@gmail.com,7992299590,Delhi,21751,2,2026-06-03T20:17:31Z,2025-08-31T10:23:50Z
0fa83daf-e74c-4195-972a-7885aef01aec,Priyanka Sharma,priyanka.sharma@gmail.com,6943969078,Delhi,15237,2,2026-04-27T07:34:23Z,2025-04-21T02:15:37Z
67cfc0ac-e251-4e03-9f70-2792194773a1,Deepak Verma,deepak.verma@yahoo.in,9364710276,Delhi,25393,2,2026-01-25T18:53:56Z,2024-08-14T04:02:09Z
cf3a3b82-d41e-47de-8668-6928b2a3ab05,Anjali Singh,anjali_singh@outlook.com,7592555625,Delhi,19355,3,2026-01-20T00:03:00Z,2025-05-26T11:59:39Z
009e765d-bac8-4c63-b3b2-1c78de835225,Vikas Khanna,vikas75@gmail.com,6537147321,Delhi,10371,1,2026-04-28T10:27:10Z,2025-05-31T19:59:24Z
13274e47-c8f3-4f03-9232-5b086aa3ac9e,Renu Malhotra,renu.malhotra@yahoo.in,9963259532,Delhi,5397,1,2026-04-15T20:52:51Z,2025-05-19T16:08:52Z
44d81e87-6e09-4b75-bead-c542ba6eff59,Sandeep Aggarwal,sandeep73@gmail.com,NULL,Delhi,5643,1,2026-04-29T13:06:53Z,2025-11-28T05:07:29Z
6e197f1c-fd21-48dc-a800-28bb922f75a9,Kavita Yadav,kavita_yadav@outlook.com,8701687339,Delhi,10864,1,2026-05-01T21:39:32Z,2025-12-21T09:26:40Z
415578a6-056e-44aa-8668-a3aaa299e631,Harpreet Singh,harpreet.singh@gmail.com,6479748016,Delhi,14189,2,2026-04-28T13:49:03Z,2024-11-18T00:19:43Z
17f5ea20-624d-4d68-a7b2-ae1467d35bac,Gurpreet Kaur,gurpreet.kaur@yahoo.in,8650609835,Delhi,28130,3,2026-04-18T02:22:58Z,2025-05-07T23:47:13Z
ae786252-e127-413f-acda-14ea99a5ce2c,Amarjit Dhaliwal,amarjit.dhaliwal@yahoo.in,6687849912,Delhi,14431,2,2026-04-21T04:02:47Z,2026-01-14T03:01:24Z
78cae6aa-97dc-4735-9ab7-299fcc42d6ea,Manpreet Bains,manpreet_bains@outlook.com,8585239868,Delhi,709,1,2026-02-03T01:09:46Z,2024-09-02T18:19:43Z
31c50e88-731d-43f9-8ee8-1312ef2ddb0d,Jaswinder Gill,jaswinder.gill@gmail.com,6257872982,Delhi,17665,2,2025-01-29T14:23:05Z,2024-07-03T03:14:25Z
b0ad7ab9-765c-49cb-a4d7-0be94503a974,Simran Sidhu,simran51@gmail.com,8269495888,Delhi,18685,2,2026-02-18T15:01:07Z,2025-04-20T06:23:15Z
9cd0ece6-37fa-4b11-84f4-17513baabcf3,Navneet Chawla,navneet72@gmail.com,8705516940,Delhi,26288,2,2026-06-02T16:26:08Z,2026-01-02T22:03:08Z
ce3028d5-74d3-41b5-8c2c-0f3d669359a5,Ritika Sood,ritika_sood@outlook.com,8993097289,Delhi,26905,2,2025-02-01T09:53:48Z,2024-05-28T14:27:35Z
5c55835c-6c54-4481-a5c9-77e0def149cb,Pankaj Taneja,pankajt@gmail.com,7091307562,Delhi,31795,4,2026-01-19T09:49:52Z,2025-02-03T06:12:10Z
70d67360-b7f6-4adb-876a-23be17c45f73,Meenakshi Goel,meenakshig@gmail.com,9897028385,Delhi,23011,2,2026-04-14T15:42:50Z,2025-09-17T08:24:54Z
0cb1d0e1-4a1c-4dbf-809e-b20e45174995,Sukhdev Sharma,sukhdev_sharma@outlook.com,9527858549,Delhi,13216,1,2026-04-12T13:58:13Z,2025-11-19T09:59:16Z
d72d51ad-40d3-4817-85f0-9997d554fd72,Nidhi Kapoor,nidhik@gmail.com,NULL,Delhi,13757,3,2026-03-28T01:22:05Z,2025-02-26T02:22:08Z
fb805aa4-8fc1-4182-8fdf-f47695b1f38e,Ravi Chopra,ravi.chopra@yahoo.in,8344375758,Delhi,17397,3,2026-05-30T04:20:55Z,2025-10-29T04:18:53Z
9188357b-69b2-4665-a593-4791b10ce7f0,Asha Mehrotra,asha.mehrotra@yahoo.in,NULL,Delhi,15039,2,2026-04-15T21:31:31Z,2025-06-28T08:54:00Z
54920fb8-94c7-4a13-a875-4fb6e32d3ee7,Vinod Saxena,vinod25@gmail.com,9652404157,Delhi,3512,1,2026-04-27T17:44:17Z,2025-01-31T12:55:20Z
36c03d8d-9065-4a07-b1fb-762af251159c,Poonam Tyagi,poonam.tyagi@yahoo.in,9338484219,Delhi,8230,2,2026-04-27T01:54:02Z,2025-11-23T23:20:57Z
41c9ed61-4618-49a9-9113-f333f300e33a,Alok Nigam,alokn@gmail.com,7083301657,Delhi,5937,1,2026-02-11T13:22:15Z,2025-06-25T18:21:59Z
588594fa-f384-479b-a45a-aa7c71dd8c11,Shikha Dixit,shikhad@gmail.com,6826773454,Delhi,23691,2,2026-05-28T08:01:50Z,2025-10-04T21:19:02Z
4b46b1ce-c8da-4543-ad15-94500eb04636,Rajeev Srivastava,rajeev.srivastava@gmail.com,6938026206,Delhi,2379,1,2026-04-26T20:27:47Z,2025-12-30T11:27:38Z
a078b1a8-0dd3-4c78-bed6-297e6bf18c88,Vandana Tiwari,NULL,9240049915,Delhi,11022,1,2026-05-18T16:18:03Z,2025-04-14T16:27:33Z
f5f8702a-91af-4f12-90c6-fd9d00a210aa,Mohammed Rizwan,mohammed_rizwan@outlook.com,9287431527,Delhi,39981,5,2026-03-05T03:25:18Z,2025-06-24T15:12:06Z
b3e15e4d-2819-4ffe-88d9-5803f56e938d,Aisha Qureshi,aisha.qureshi@yahoo.in,7054932966,Delhi,27979,3,2026-01-16T07:01:34Z,2025-10-02T07:55:01Z
055ab8ea-2277-4144-87cc-e5084a5dd262,Zeeshan Ahmed,zeeshan.ahmed@yahoo.in,6612275304,Delhi,26158,3,2026-05-27T02:37:55Z,2025-10-06T12:25:18Z
7f8a615a-5e02-40ef-a3cf-526c9db93862,Bushra Naqvi,bushran@gmail.com,9454990453,Delhi,16928,2,2026-05-09T02:23:35Z,2024-11-07T09:57:37Z
3400dfc7-f33e-4abb-8422-d031002078b0,Arshad Hussain,arshad.hussain@gmail.com,9426841459,Delhi,33168,4,2026-04-27T06:02:23Z,2025-06-06T02:29:56Z
3c020ed6-3577-4b48-989b-7485886a224a,Lubna Khan,lubnak@gmail.com,7727956878,Delhi,20067,3,2026-04-22T16:52:50Z,2025-09-20T14:34:35Z
25b6104d-cef3-42bf-8127-b1192d24d54a,Faisal Siddiqui,faisals@gmail.com,7918785191,Delhi,58409,5,2026-06-09T15:43:52Z,2025-08-15T22:53:31Z
d5013e49-c1ae-426a-bf4d-79925c26ba63,Rehana Begum,rehana17@gmail.com,7982258713,Delhi,36761,4,2026-05-05T01:45:01Z,2025-10-12T05:14:18Z
9c79ecc9-8782-4f11-ae9d-8f3e1e71a848,Tariq Mahmood,tariq_mahmood@outlook.com,6870728679,Delhi,14964,2,2025-06-08T05:13:40Z,2024-05-22T04:54:38Z
5ff7fc85-154d-4260-996f-8cfcbc2a10df,Shabana Akhtar,shabana17@gmail.com,NULL,Delhi,17549,2,2025-07-05T00:29:13Z,2025-01-05T13:19:00Z
331e684b-1bc8-464c-95ed-3201e9719783,Anil Rawat,anil.rawat@yahoo.in,6640391065,Delhi,11504,1,2026-04-20T17:42:17Z,2024-12-24T14:24:29Z
fb0e9875-7b3f-47a7-a00b-18db0a4b75aa,Pushpa Bisht,pushpa.bisht@gmail.com,6170462265,Delhi,17960,3,2025-04-07T17:04:51Z,2024-11-11T01:48:09Z
45db48e2-aafd-49cf-b7c6-f4ce4dce2c65,Devendra Negi,devendra_negi@outlook.com,9618251286,Delhi,8460,1,2026-05-28T18:31:21Z,2025-02-07T07:23:09Z
3d93c84b-855f-46e1-bf75-250c68b0d23f,Seema Rana,seemar@gmail.com,7004786863,Delhi,5508,1,2026-01-28T02:34:01Z,2025-03-27T05:12:18Z
bd236d74-3457-407b-b494-be258d3aadfa,Hemant Joshi,hemant_joshi@outlook.com,8243106903,Delhi,10164,2,2026-04-23T09:43:31Z,2025-03-26T01:46:34Z
2e9addf5-eedc-4439-8d50-eb490e82db8d,Kiran Reddy,kiran.reddy@gmail.com,6907903067,Bangalore,10999,1,2025-02-13T17:26:18Z,2023-09-03T16:45:38Z
92d47381-ff73-42cf-b008-9ca5f06d915c,Asha Naidu,asha39@gmail.com,7028439599,Bangalore,2700,1,2026-04-14T17:50:34Z,2025-04-21T22:02:18Z
108c2875-148a-4472-96f8-4686bd16ac30,Sudhir Rao,sudhir.rao@yahoo.in,7428364408,Bangalore,33957,3,2026-06-04T13:34:26Z,2025-01-29T03:11:25Z
d34b46d2-319c-48fb-ae5d-d3f70fe994d3,Bhavana Hegde,bhavanah@gmail.com,9870568566,Bangalore,14153,2,2026-05-04T14:35:53Z,2025-09-20T12:20:18Z
da5f3ccf-b452-4f44-8689-f408402ff6bd,Prasad Kulkarni,prasad.kulkarni@yahoo.in,9287334270,Bangalore,10848,1,2026-01-20T06:08:01Z,2025-05-15T12:00:39Z
f42414b9-9d0f-4670-82ee-1d2f9bc2a980,Divya Shetty,divya_shetty@outlook.com,9882634351,Bangalore,10637,2,2026-03-19T11:57:52Z,2025-07-24T22:02:01Z
e60cc942-99c6-4f39-aca5-22e931a158a2,Anand Murthy,anand.murthy@yahoo.in,6830469901,Bangalore,13423,2,2026-04-24T08:15:44Z,2025-02-14T23:11:29Z
a7ab1714-6ad8-4858-a521-c9ccb1eaf260,Geetha Nair,geetha34@gmail.com,7735403317,Bangalore,36755,4,2025-12-14T13:50:26Z,2024-09-05T08:46:18Z
79b4daf5-397e-4a1a-8dd6-056d690eeef5,Ravi Krishnamurthy,ravi41@gmail.com,7638546785,Bangalore,11625,3,2025-10-16T19:24:14Z,2025-03-13T00:42:12Z
49e1b3fe-34f5-4cd7-b250-5977ef3880a0,Shalini Iyengar,shalini.iyengar@yahoo.in,8877175355,Bangalore,4831,1,2026-01-24T23:52:25Z,2024-12-09T14:38:20Z
d09fedf1-dcc0-48ca-b857-02033fb07612,Nikhil Bhat,nikhil.bhat@gmail.com,7204899642,Bangalore,15053,2,2026-05-07T15:27:52Z,2025-11-01T11:18:07Z
9215912b-9327-49d7-9ed2-6846eef127bd,Pooja Hiremath,pooja.hiremath@yahoo.in,7693785477,Bangalore,36214,5,2025-12-23T06:02:04Z,2025-08-30T04:49:53Z
5b20670d-4d78-48bd-9704-3633aed7d082,Santosh Patil,santoshp@gmail.com,8228728080,Bangalore,26835,4,2025-03-25T06:41:46Z,2023-12-27T12:59:03Z
3081725a-7634-4fa4-87b8-8989fe3bdd98,Ashwini Kumar,NULL,6006231203,Bangalore,23045,3,2026-03-12T03:15:58Z,2024-12-22T16:53:13Z
195d755b-a009-448f-bff7-b240528257d1,Vikram Babu,vikram_babu@outlook.com,8099770088,Bangalore,5359,2,2026-03-13T17:23:39Z,2025-10-29T06:24:36Z
d5bac6e6-7515-4f78-92ab-35c803e96e7b,Rashmi Srinivas,rashmi.srinivas@gmail.com,6848408621,Bangalore,38141,4,2026-05-09T15:11:42Z,2025-07-12T02:03:27Z
ce48d439-b362-48ee-9145-34b8deb76b04,Mohammed Imran,mohammed22@gmail.com,7339845461,Bangalore,11342,1,2026-05-03T23:38:07Z,2025-11-29T01:22:56Z
c72a94c3-46c1-43dc-8815-cea9c4830357,Fatima Begum,fatima_begum@outlook.com,9933410166,Bangalore,4048,1,2026-06-02T05:11:20Z,2026-01-30T18:15:44Z
ac04b44b-2455-4afd-bc09-64f5ed6c7050,Harish Gowda,harish58@gmail.com,9002176591,Bangalore,25496,3,2026-06-03T03:31:37Z,2025-04-04T18:26:43Z
f91e8537-9fca-4b70-adf7-130149151a9f,Usha Reddy,usha.reddy@gmail.com,7397401489,Bangalore,6864,3,2026-06-04T13:02:08Z,2025-11-18T02:56:38Z
098820fa-bd6b-4ef5-aa16-b1bb6f478629,Mahesh Kiran,mahesh.kiran@gmail.com,7503926142,Bangalore,26024,4,2026-02-01T19:55:12Z,2025-02-10T20:48:09Z
955788e1-b352-4d64-b42b-16ba71adc05c,Shruthi Raghavan,shruthir@gmail.com,9856218501,Bangalore,23013,3,2026-02-05T08:21:52Z,2025-09-15T06:05:50Z
9cc5af53-49ea-4733-82ba-92d1269caa92,Anil Kumar,anilk@gmail.com,6599965047,Bangalore,44917,5,2026-06-05T00:35:47Z,2025-06-07T20:27:45Z
cde6a094-24df-45d8-8d23-56d06cfcfccb,Kavitha Swamy,kavithas@gmail.com,8866296194,Bangalore,20506,3,2026-02-04T19:43:00Z,2025-07-13T11:32:10Z
e4e987ce-3035-43db-b6e5-c81ed7ca6518,Ramesh Shankar,ramesh.shankar@gmail.com,6426265511,Bangalore,5281,2,2025-01-17T14:11:49Z,2024-02-26T12:33:20Z
9c93c1b8-45e5-4c6a-b4a3-25dd4a500f57,Nandita Rao,nandita.rao@yahoo.in,9541212678,Bangalore,23717,3,2026-05-23T21:12:17Z,2025-06-20T22:20:29Z
e63894b3-6cc6-4085-a3ce-5ae31e644181,Srinivasa Iyengar,srinivasa81@gmail.com,9101581995,Bangalore,42912,4,2025-04-27T22:19:33Z,2024-07-02T06:08:38Z
ae2f8a20-c16b-4838-86e1-5f612d816677,Sumitra Narasimha,sumitra.narasimha@gmail.com,8661839826,Bangalore,31019,5,2026-06-07T17:19:22Z,2025-02-07T07:23:57Z
fbd4c7c5-7adc-4077-b5af-dcee2544a3a9,Gopal Krishna,gopalk@gmail.com,8447212646,Bangalore,27639,3,2026-04-19T05:13:02Z,2025-02-12T08:54:16Z
488892d8-e203-4405-97db-545fff9e7aae,Vimala Devi,vimala_devi@outlook.com,NULL,Bangalore,24716,3,2026-04-23T17:26:20Z,2025-08-16T05:44:03Z
d9cc84d9-0e33-41ce-9a44-bb1dc0d58044,Nagaraj Hiremath,NULL,6543799371,Bangalore,25338,3,2026-04-19T22:01:51Z,2025-04-03T02:24:05Z
88db1d96-637f-4b47-be1c-fcc694f076db,Rekha Patil,rekha.patil@yahoo.in,6659657569,Bangalore,13652,2,2025-01-12T10:39:22Z,2024-05-31T16:21:15Z
4df41003-c3a7-4476-a92f-20c466d7be85,Suresh Gowda,NULL,NULL,Bangalore,12397,1,2026-06-01T06:53:15Z,2025-08-14T06:57:49Z
02872aea-80c6-4fd1-9331-b404529e861a,Saraswathi Murthy,saraswathi.murthy@yahoo.in,8937526547,Bangalore,14121,2,2026-06-07T20:11:16Z,2025-12-03T17:38:46Z
72779db1-c107-4378-8266-54ac02d0c88a,Venkatesh Rao,venkateshr@gmail.com,NULL,Bangalore,42711,4,2026-03-04T05:38:54Z,2024-10-20T14:21:55Z
